[{"name":"Wissembourg","alternateName":"WISSEMBOURG","country":"FR","geo":{"@type":"GeoCoordinates","latitude":"49.0365935","longitude":"7.9445109"},"geoPosition":{"type":"Point","float":true,"coordinates":[7.9445109,49.0365935]},"level3Name":"Grand Est","level3":null,"level4Name":"Haguenau-Wissembourg","level4":null,"osmID":1144006,"save":true,"wikidataID":"Q22636"},{"name":"Scherwiller","alternateName":"SCHERWILLER","country":"FR","geo":{"@type":"GeoCoordinates","latitude":"48.286161","longitude":"7.4195389"},"geoPosition":{"type":"Point","float":true,"coordinates":[7.4195389,48.286161]},"level3Name":"Grand Est","level3":null,"level4Name":"Sélestat-Erstein","level4":null,"osmID":70105,"save":true,"wikidataID":"Q21434"},{"name":"Barr","alternateName":"BARR","country":"FR","geo":{"@type":"GeoCoordinates","latitude":"48.4088704","longitude":"7.4492808"},"geoPosition":{"type":"Point","float":true,"coordinates":[7.4492808,48.4088704]},"level3Name":"Grand Est","level3":null,"level4Name":"Sélestat-Erstein","level4":null,"osmID":85832,"save":true,"wikidataID":"Q22758"},{"name":"Schirmeck","alternateName":"SCHIRMECK","country":"FR","geo":{"@type":"GeoCoordinates","latitude":"48.4787302","longitude":"7.2181806"},"geoPosition":{"type":"Point","float":true,"coordinates":[7.2181806,48.4787302]},"level3Name":"Grand Est","level3":null,"level4Name":"Molsheim","level4":null,"osmID":912313,"save":true,"wikidataID":"Q22509"},{"name":"Betschdorf","alternateName":"BETSCHDORF","country":"FR","geo":{"@type":"GeoCoordinates","latitude":"48.8974813","longitude":"7.9065678"},"geoPosition":{"type":"Point","float":true,"coordinates":[7.9065678,48.8974813]},"level3Name":"Grand Est","level3":null,"level4Name":"Haguenau-Wissembourg","level4":null,"osmID":1130964,"save":true,"wikidataID":"Q22384"},{"name":"Marckolsheim","alternateName":"MARCKOLSHEIM","country":"FR","geo":{"@type":"GeoCoordinates","latitude":"48.165441","longitude":"7.5444161"},"geoPosition":{"type":"Point","float":true,"coordinates":[7.5444161,48.165441]},"level3Name":"Grand Est","level3":null,"level4Name":"Sélestat-Erstein","level4":null,"osmID":83913,"save":true,"wikidataID":"Q21480"},{"name":"Sarre-Union","alternateName":"SARRE-UNION","country":"FR","geo":{"@type":"GeoCoordinates","latitude":"48.9404465","longitude":"7.0899329"},"geoPosition":{"type":"Point","float":true,"coordinates":[7.0899329,48.9404465]},"level3Name":"Grand Est","level3":null,"level4Name":"Saverne","level4":null,"osmID":282427,"save":true,"wikidataID":"Q21569"},{"name":"Barr","alternateName":"BARR","country":"FR","geo":{"@type":"GeoCoordinates","latitude":"48.4088704","longitude":"7.4492808"},"geoPosition":{"type":"Point","float":true,"coordinates":[7.4492808,48.4088704]},"level3Name":"Grand Est","level3":null,"level4Name":"Sélestat-Erstein","level4":null,"osmID":85832,"save":true,"wikidataID":"Q22758"},{"name":"Wissembourg","alternateName":"WISSEMBOURG","country":"FR","geo":{"@type":"GeoCoordinates","latitude":"49.0365935","longitude":"7.9445109"},"geoPosition":{"type":"Point","float":true,"coordinates":[7.9445109,49.0365935]},"level3Name":"Grand Est","level3":null,"level4Name":"Haguenau-Wissembourg","level4":null,"osmID":1144006,"save":true,"wikidataID":"Q22636"},{"name":"Strasbourg","alternateName":"STRASBOURG","country":"FR","geo":{"@type":"GeoCoordinates","latitude":"48.584614","longitude":"7.7507127"},"geoPosition":{"type":"Point","float":true,"coordinates":[7.7507127,48.584614]},"level3Name":"Grand Est","level3":null,"level4Name":"Strasbourg","level4":null,"osmID":71033,"save":true,"wikidataID":"Q6602"},{"name":"Bouxwiller","alternateName":"BOUXWILLER","country":"FR","geo":{"@type":"GeoCoordinates","latitude":"48.8254997","longitude":"7.4800291"},"geoPosition":{"type":"Point","float":true,"coordinates":[7.4800291,48.8254997]},"level3Name":"Grand Est","level3":null,"level4Name":"Saverne","level4":null,"osmID":1166771,"save":true,"wikidataID":"Q22740"},{"name":"Drulingen","alternateName":"DRULINGEN","country":"FR","geo":{"@type":"GeoCoordinates","latitude":"48.8666944","longitude":"7.1906291"},"geoPosition":{"type":"Point","float":true,"coordinates":[7.1906291,48.8666944]},"level3Name":"Grand Est","level3":null,"level4Name":"Saverne","level4":null,"osmID":281669,"save":true,"wikidataID":"Q22795"},{"name":"Molsheim","alternateName":"MOLSHEIM","country":"FR","geo":{"@type":"GeoCoordinates","latitude":"48.5419351","longitude":"7.4924679"},"geoPosition":{"type":"Point","float":true,"coordinates":[7.4924679,48.5419351]},"level3Name":"Grand Est","level3":null,"level4Name":"Molsheim","level4":null,"osmID":75457,"save":true,"wikidataID":"Q22697"},{"name":"Obernai","alternateName":"OBERNAI","country":"FR","geo":{"@type":"GeoCoordinates","latitude":"48.4623358","longitude":"7.4817123"},"geoPosition":{"type":"Point","float":true,"coordinates":[7.4817123,48.4623358]},"level3Name":"Grand Est","level3":null,"level4Name":"Sélestat-Erstein","level4":null,"osmID":903831,"save":true,"wikidataID":"Q22727"},{"name":"Sarre-Union","alternateName":"SARRE-UNION","country":"FR","geo":{"@type":"GeoCoordinates","latitude":"48.9404465","longitude":"7.0899329"},"geoPosition":{"type":"Point","float":true,"coordinates":[7.0899329,48.9404465]},"level3Name":"Grand Est","level3":null,"level4Name":"Saverne","level4":null,"osmID":282427,"save":true,"wikidataID":"Q21569"},{"name":"Schirmeck","alternateName":"SCHIRMECK","country":"FR","geo":{"@type":"GeoCoordinates","latitude":"48.4787302","longitude":"7.2181806"},"geoPosition":{"type":"Point","float":true,"coordinates":[7.2181806,48.4787302]},"level3Name":"Grand Est","level3":null,"level4Name":"Molsheim","level4":null,"osmID":912313,"save":true,"wikidataID":"Q22509"},{"name":"Bischwiller","alternateName":"BISCHWILLER","country":"FR","geo":{"@type":"GeoCoordinates","latitude":"48.7682281","longitude":"7.8597466"},"geoPosition":{"type":"Point","float":true,"coordinates":[7.8597466,48.7682281]},"level3Name":"Grand Est","level3":null,"level4Name":"Haguenau-Wissembourg","level4":null,"osmID":571129,"save":true,"wikidataID":"Q22431"},{"name":"Erstein","alternateName":"ERSTEIN","country":"FR","geo":{"@type":"GeoCoordinates","latitude":"48.4227385","longitude":"7.6632641"},"geoPosition":{"type":"Point","float":true,"coordinates":[7.6632641,48.4227385]},"level3Name":"Grand Est","level3":null,"level4Name":"Sélestat-Erstein","level4":null,"osmID":86048,"save":true,"wikidataID":"Q22517"},{"name":"Mutzig","alternateName":"MUTZIG","country":"FR","geo":{"@type":"GeoCoordinates","latitude":"48.5395474","longitude":"7.4555778"},"geoPosition":{"type":"Point","float":true,"coordinates":[7.4555778,48.5395474]},"level3Name":"Grand Est","level3":null,"level4Name":"Molsheim","level4":null,"osmID":75456,"save":true,"wikidataID":"Q22390"},{"name":"Niederbronn-les-Bains","alternateName":"NIEDERBRONN-LES-BAINS","country":"FR","geo":{"@type":"GeoCoordinates","latitude":"48.9510314","longitude":"7.6421767"},"geoPosition":{"type":"Point","float":true,"coordinates":[7.6421767,48.9510314]},"level3Name":"Grand Est","level3":null,"level4Name":"Haguenau-Wissembourg","level4":null,"osmID":91290,"save":true,"wikidataID":"Q21387"},{"name":"Sarre-Union","alternateName":"SARRE-UNION","country":"FR","geo":{"@type":"GeoCoordinates","latitude":"48.9404465","longitude":"7.0899329"},"geoPosition":{"type":"Point","float":true,"coordinates":[7.0899329,48.9404465]},"level3Name":"Grand Est","level3":null,"level4Name":"Saverne","level4":null,"osmID":282427,"save":true,"wikidataID":"Q21569"},{"name":"Schirmeck","alternateName":"SCHIRMECK","country":"FR","geo":{"@type":"GeoCoordinates","latitude":"48.4787302","longitude":"7.2181806"},"geoPosition":{"type":"Point","float":true,"coordinates":[7.2181806,48.4787302]},"level3Name":"Grand Est","level3":null,"level4Name":"Molsheim","level4":null,"osmID":912313,"save":true,"wikidataID":"Q22509"},{"name":"Wissembourg","alternateName":"WISSEMBOURG","country":"FR","geo":{"@type":"GeoCoordinates","latitude":"49.0365935","longitude":"7.9445109"},"geoPosition":{"type":"Point","float":true,"coordinates":[7.9445109,49.0365935]},"level3Name":"Grand Est","level3":null,"level4Name":"Haguenau-Wissembourg","level4":null,"osmID":1144006,"save":true,"wikidataID":"Q22636"},{"name":"Hochfelden","alternateName":"HOCHFELDEN","country":"FR","geo":{"@type":"GeoCoordinates","latitude":"48.755472","longitude":"7.56219502529064"},"geoPosition":{"type":"Point","float":true,"coordinates":[7.5621950252906,48.755472]},"level3Name":"Grand Est","level3":null,"level4Name":"Saverne","level4":null,"osmID":289044,"save":true,"wikidataID":"Q21503"},{"name":"Truchtersheim","alternateName":"TRUCHTERSHEIM","country":"FR","geo":{"@type":"GeoCoordinates","latitude":"48.65842085","longitude":"7.61818710376134"},"geoPosition":{"type":"Point","float":true,"coordinates":[7.6181871037613,48.65842085]},"level3Name":"Grand Est","level3":null,"level4Name":"Saverne","level4":null,"osmID":75138,"save":true,"wikidataID":"Q21560"},{"name":"Wœrth","alternateName":"WœRTH","country":"FR","geo":{"@type":"GeoCoordinates","latitude":"48.9399476","longitude":"7.7432539"},"geoPosition":{"type":"Point","float":true,"coordinates":[7.7432539,48.9399476]},"level3Name":"Grand Est","level3":null,"level4Name":"Haguenau-Wissembourg","level4":null,"osmID":92031,"save":true,"wikidataID":"Q22762"},{"name":"Obernai","alternateName":"OBERNAI","country":"FR","geo":{"@type":"GeoCoordinates","latitude":"48.4623358","longitude":"7.4817123"},"geoPosition":{"type":"Point","float":true,"coordinates":[7.4817123,48.4623358]},"level3Name":"Grand Est","level3":null,"level4Name":"Sélestat-Erstein","level4":null,"osmID":903831,"save":true,"wikidataID":"Q22727"},{"name":"Geispolsheim","alternateName":"GEISPOLSHEIM","country":"FR","geo":{"@type":"GeoCoordinates","latitude":"48.5146952","longitude":"7.6437386"},"geoPosition":{"type":"Point","float":true,"coordinates":[7.6437386,48.5146952]},"level3Name":"Grand Est","level3":null,"level4Name":"Strasbourg","level4":null,"osmID":75142,"save":true,"wikidataID":"Q22643"},{"name":"Fegersheim","alternateName":"FEGERSHEIM","country":"FR","geo":{"@type":"GeoCoordinates","latitude":"48.4897313","longitude":"7.6798031"},"geoPosition":{"type":"Point","float":true,"coordinates":[7.6798031,48.4897313]},"level3Name":"Grand Est","level3":null,"level4Name":"Strasbourg","level4":null,"osmID":75811,"save":true,"wikidataID":"Q22477"},{"name":"Niederbronn-les-Bains","alternateName":"NIEDERBRONN-LES-BAINS","country":"FR","geo":{"@type":"GeoCoordinates","latitude":"48.9510314","longitude":"7.6421767"},"geoPosition":{"type":"Point","float":true,"coordinates":[7.6421767,48.9510314]},"level3Name":"Grand Est","level3":null,"level4Name":"Haguenau-Wissembourg","level4":null,"osmID":91290,"save":true,"wikidataID":"Q21387"},{"name":"Ostwald","alternateName":"OSTWALD","country":"FR","geo":{"@type":"GeoCoordinates","latitude":"48.5425109","longitude":"7.7102193"},"geoPosition":{"type":"Point","float":true,"coordinates":[7.7102193,48.5425109]},"level3Name":"Grand Est","level3":null,"level4Name":"Strasbourg","level4":null,"osmID":71031,"save":true,"wikidataID":"Q21354"},{"name":"Wissembourg","alternateName":"WISSEMBOURG","country":"FR","geo":{"@type":"GeoCoordinates","latitude":"49.0365935","longitude":"7.9445109"},"geoPosition":{"type":"Point","float":true,"coordinates":[7.9445109,49.0365935]},"level3Name":"Grand Est","level3":null,"level4Name":"Haguenau-Wissembourg","level4":null,"osmID":1144006,"save":true,"wikidataID":"Q22636"},{"name":"Ostwald","alternateName":"OSTWALD","country":"FR","geo":{"@type":"GeoCoordinates","latitude":"48.5425109","longitude":"7.7102193"},"geoPosition":{"type":"Point","float":true,"coordinates":[7.7102193,48.5425109]},"level3Name":"Grand Est","level3":null,"level4Name":"Strasbourg","level4":null,"osmID":71031,"save":true,"wikidataID":"Q21354"},{"name":"Barr","alternateName":"BARR","country":"FR","geo":{"@type":"GeoCoordinates","latitude":"48.4088704","longitude":"7.4492808"},"geoPosition":{"type":"Point","float":true,"coordinates":[7.4492808,48.4088704]},"level3Name":"Grand Est","level3":null,"level4Name":"Sélestat-Erstein","level4":null,"osmID":85832,"save":true,"wikidataID":"Q22758"},{"name":"Soultz-sous-Forêts","alternateName":"SOULTZ-SOUS-FORêTS","country":"FR","geo":{"@type":"GeoCoordinates","latitude":"48.9374463","longitude":"7.8842704"},"geoPosition":{"type":"Point","float":true,"coordinates":[7.8842704,48.9374463]},"level3Name":"Grand Est","level3":null,"level4Name":"Haguenau-Wissembourg","level4":null,"osmID":1136133,"save":true,"wikidataID":"Q381659"},{"name":"Erstein","alternateName":"ERSTEIN","country":"FR","geo":{"@type":"GeoCoordinates","latitude":"48.4227385","longitude":"7.6632641"},"geoPosition":{"type":"Point","float":true,"coordinates":[7.6632641,48.4227385]},"level3Name":"Grand Est","level3":null,"level4Name":"Sélestat-Erstein","level4":null,"osmID":86048,"save":true,"wikidataID":"Q22517"},{"name":"Erstein","alternateName":"ERSTEIN","country":"FR","geo":{"@type":"GeoCoordinates","latitude":"48.4227385","longitude":"7.6632641"},"geoPosition":{"type":"Point","float":true,"coordinates":[7.6632641,48.4227385]},"level3Name":"Grand Est","level3":null,"level4Name":"Sélestat-Erstein","level4":null,"osmID":86048,"save":true,"wikidataID":"Q22517"},{"name":"Obernai","alternateName":"OBERNAI","country":"FR","geo":{"@type":"GeoCoordinates","latitude":"48.4623358","longitude":"7.4817123"},"geoPosition":{"type":"Point","float":true,"coordinates":[7.4817123,48.4623358]},"level3Name":"Grand Est","level3":null,"level4Name":"Sélestat-Erstein","level4":null,"osmID":903831,"save":true,"wikidataID":"Q22727"},{"name":"Rothau","alternateName":"ROTHAU","country":"FR","geo":{"@type":"GeoCoordinates","latitude":"48.4553525","longitude":"7.2068703"},"geoPosition":{"type":"Point","float":true,"coordinates":[7.2068703,48.4553525]},"level3Name":"Grand Est","level3":null,"level4Name":"Molsheim","level4":null,"osmID":912095,"save":true,"wikidataID":"Q21455"},{"name":"Soultz-sous-Forêts","alternateName":"SOULTZ-SOUS-FORêTS","country":"FR","geo":{"@type":"GeoCoordinates","latitude":"48.9374463","longitude":"7.8842704"},"geoPosition":{"type":"Point","float":true,"coordinates":[7.8842704,48.9374463]},"level3Name":"Grand Est","level3":null,"level4Name":"Haguenau-Wissembourg","level4":null,"osmID":1136133,"save":true,"wikidataID":"Q381659"},{"name":"Natzwiller","alternateName":"NATZWILLER","country":"FR","geo":{"@type":"GeoCoordinates","latitude":"48.4387521","longitude":"7.2544886"},"geoPosition":{"type":"Point","float":true,"coordinates":[7.2544886,48.4387521]},"level3Name":"Grand Est","level3":null,"level4Name":"Molsheim","level4":null,"osmID":912485,"save":true,"wikidataID":"Q21449"},{"name":"Molsheim","alternateName":"MOLSHEIM","country":"FR","geo":{"@type":"GeoCoordinates","latitude":"48.5419351","longitude":"7.4924679"},"geoPosition":{"type":"Point","float":true,"coordinates":[7.4924679,48.5419351]},"level3Name":"Grand Est","level3":null,"level4Name":"Molsheim","level4":null,"osmID":75457,"save":true,"wikidataID":"Q22697"},{"name":"Bouxwiller","alternateName":"BOUXWILLER","country":"FR","geo":{"@type":"GeoCoordinates","latitude":"48.8254997","longitude":"7.4800291"},"geoPosition":{"type":"Point","float":true,"coordinates":[7.4800291,48.8254997]},"level3Name":"Grand Est","level3":null,"level4Name":"Saverne","level4":null,"osmID":1166771,"save":true,"wikidataID":"Q22740"},{"name":"Molsheim","alternateName":"MOLSHEIM","country":"FR","geo":{"@type":"GeoCoordinates","latitude":"48.5419351","longitude":"7.4924679"},"geoPosition":{"type":"Point","float":true,"coordinates":[7.4924679,48.5419351]},"level3Name":"Grand Est","level3":null,"level4Name":"Molsheim","level4":null,"osmID":75457,"save":true,"wikidataID":"Q22697"},{"name":"Schirmeck","alternateName":"SCHIRMECK","country":"FR","geo":{"@type":"GeoCoordinates","latitude":"48.4787302","longitude":"7.2181806"},"geoPosition":{"type":"Point","float":true,"coordinates":[7.2181806,48.4787302]},"level3Name":"Grand Est","level3":null,"level4Name":"Molsheim","level4":null,"osmID":912313,"save":true,"wikidataID":"Q22509"},{"name":"Villé","alternateName":"VILLé","country":"FR","geo":{"@type":"GeoCoordinates","latitude":"48.3426621","longitude":"7.3034728"},"geoPosition":{"type":"Point","float":true,"coordinates":[7.3034728,48.3426621]},"level3Name":"Grand Est","level3":null,"level4Name":"Sélestat-Erstein","level4":null,"osmID":908174,"save":true,"wikidataID":"Q21606"},{"name":"Bischwiller","alternateName":"BISCHWILLER","country":"FR","geo":{"@type":"GeoCoordinates","latitude":"48.7682281","longitude":"7.8597466"},"geoPosition":{"type":"Point","float":true,"coordinates":[7.8597466,48.7682281]},"level3Name":"Grand Est","level3":null,"level4Name":"Haguenau-Wissembourg","level4":null,"osmID":571129,"save":true,"wikidataID":"Q22431"},{"name":"Reichstett","alternateName":"REICHSTETT","country":"FR","geo":{"@type":"GeoCoordinates","latitude":"48.6483814","longitude":"7.7537839"},"geoPosition":{"type":"Point","float":true,"coordinates":[7.7537839,48.6483814]},"level3Name":"Grand Est","level3":null,"level4Name":"Strasbourg","level4":null,"osmID":69340,"save":true,"wikidataID":"Q21346"},{"name":"Wasselonne","alternateName":"WASSELONNE","country":"FR","geo":{"@type":"GeoCoordinates","latitude":"48.6373266","longitude":"7.4472685"},"geoPosition":{"type":"Point","float":true,"coordinates":[7.4472685,48.6373266]},"level3Name":"Grand Est","level3":null,"level4Name":"Molsheim","level4":null,"osmID":88965,"save":true,"wikidataID":"Q22413"},{"name":"Ostwald","alternateName":"OSTWALD","country":"FR","geo":{"@type":"GeoCoordinates","latitude":"48.5425109","longitude":"7.7102193"},"geoPosition":{"type":"Point","float":true,"coordinates":[7.7102193,48.5425109]},"level3Name":"Grand Est","level3":null,"level4Name":"Strasbourg","level4":null,"osmID":71031,"save":true,"wikidataID":"Q21354"},{"name":"Bischwiller","alternateName":"BISCHWILLER","country":"FR","geo":{"@type":"GeoCoordinates","latitude":"48.7682281","longitude":"7.8597466"},"geoPosition":{"type":"Point","float":true,"coordinates":[7.8597466,48.7682281]},"level3Name":"Grand Est","level3":null,"level4Name":"Haguenau-Wissembourg","level4":null,"osmID":571129,"save":true,"wikidataID":"Q22431"},{"name":"Dambach-la-Ville","alternateName":"DAMBACH-LA-VILLE","country":"FR","geo":{"@type":"GeoCoordinates","latitude":"48.3236645","longitude":"7.424953"},"geoPosition":{"type":"Point","float":true,"coordinates":[7.424953,48.3236645]},"level3Name":"Grand Est","level3":null,"level4Name":"Sélestat-Erstein","level4":null,"osmID":906641,"save":true,"wikidataID":"Q317287"},{"name":"Diemeringen","alternateName":"DIEMERINGEN","country":"FR","geo":{"@type":"GeoCoordinates","latitude":"48.9395197","longitude":"7.1895939"},"geoPosition":{"type":"Point","float":true,"coordinates":[7.1895939,48.9395197]},"level3Name":"Grand Est","level3":null,"level4Name":"Saverne","level4":null,"osmID":368649,"save":true,"wikidataID":"Q22392"},{"name":"Durrenbach","alternateName":"DURRENBACH","country":"FR","geo":{"@type":"GeoCoordinates","latitude":"48.8969356","longitude":"7.7691889"},"geoPosition":{"type":"Point","float":true,"coordinates":[7.7691889,48.8969356]},"level3Name":"Grand Est","level3":null,"level4Name":"Haguenau-Wissembourg","level4":null,"osmID":91924,"save":true,"wikidataID":"Q22788"},{"name":"Marckolsheim","alternateName":"MARCKOLSHEIM","country":"FR","geo":{"@type":"GeoCoordinates","latitude":"48.165441","longitude":"7.5444161"},"geoPosition":{"type":"Point","float":true,"coordinates":[7.5444161,48.165441]},"level3Name":"Grand Est","level3":null,"level4Name":"Sélestat-Erstein","level4":null,"osmID":83913,"save":true,"wikidataID":"Q21480"},{"name":"Schirmeck","alternateName":"SCHIRMECK","country":"FR","geo":{"@type":"GeoCoordinates","latitude":"48.4787302","longitude":"7.2181806"},"geoPosition":{"type":"Point","float":true,"coordinates":[7.2181806,48.4787302]},"level3Name":"Grand Est","level3":null,"level4Name":"Molsheim","level4":null,"osmID":912313,"save":true,"wikidataID":"Q22509"},{"name":"Villé","alternateName":"VILLé","country":"FR","geo":{"@type":"GeoCoordinates","latitude":"48.3426621","longitude":"7.3034728"},"geoPosition":{"type":"Point","float":true,"coordinates":[7.3034728,48.3426621]},"level3Name":"Grand Est","level3":null,"level4Name":"Sélestat-Erstein","level4":null,"osmID":908174,"save":true,"wikidataID":"Q21606"},{"name":"Wasselonne","alternateName":"WASSELONNE","country":"FR","geo":{"@type":"GeoCoordinates","latitude":"48.6373266","longitude":"7.4472685"},"geoPosition":{"type":"Point","float":true,"coordinates":[7.4472685,48.6373266]},"level3Name":"Grand Est","level3":null,"level4Name":"Molsheim","level4":null,"osmID":88965,"save":true,"wikidataID":"Q22413"},{"name":"Molsheim","alternateName":"MOLSHEIM","country":"FR","geo":{"@type":"GeoCoordinates","latitude":"48.5419351","longitude":"7.4924679"},"geoPosition":{"type":"Point","float":true,"coordinates":[7.4924679,48.5419351]},"level3Name":"Grand Est","level3":null,"level4Name":"Molsheim","level4":null,"osmID":75457,"save":true,"wikidataID":"Q22697"},{"name":"Obernai","alternateName":"OBERNAI","country":"FR","geo":{"@type":"GeoCoordinates","latitude":"48.4623358","longitude":"7.4817123"},"geoPosition":{"type":"Point","float":true,"coordinates":[7.4817123,48.4623358]},"level3Name":"Grand Est","level3":null,"level4Name":"Sélestat-Erstein","level4":null,"osmID":903831,"save":true,"wikidataID":"Q22727"},{"name":"Wisches","alternateName":"WISCHES","country":"FR","geo":{"@type":"GeoCoordinates","latitude":"48.5094853","longitude":"7.2691416"},"geoPosition":{"type":"Point","float":true,"coordinates":[7.2691416,48.5094853]},"level3Name":"Grand Est","level3":null,"level4Name":"Molsheim","level4":null,"osmID":92656,"save":true,"wikidataID":"Q21341"},{"name":"Beinheim","alternateName":"BEINHEIM","country":"FR","geo":{"@type":"GeoCoordinates","latitude":"48.8632757","longitude":"8.0844618"},"geoPosition":{"type":"Point","float":true,"coordinates":[8.0844618,48.8632757]},"level3Name":"Grand Est","level3":null,"level4Name":"Haguenau-Wissembourg","level4":null,"osmID":932926,"save":true,"wikidataID":"Q21211"},{"name":"Mertzwiller","alternateName":"MERTZWILLER","country":"FR","geo":{"@type":"GeoCoordinates","latitude":"48.8659947","longitude":"7.6823034"},"geoPosition":{"type":"Point","float":true,"coordinates":[7.6823034,48.8659947]},"level3Name":"Grand Est","level3":null,"level4Name":"Haguenau-Wissembourg","level4":null,"osmID":1129045,"save":true,"wikidataID":"Q21442"},{"name":"Villerupt","alternateName":"VILLERUPT","country":"FR","geo":{"@type":"GeoCoordinates","latitude":"49.468468","longitude":"5.9326783"},"geoPosition":{"type":"Point","float":true,"coordinates":[5.9326783,49.468468]},"level3Name":"Grand Est","level3":null,"level4Name":"Briey","level4":null,"osmID":113130,"save":true,"wikidataID":"Q733313"},{"name":"Lingolsheim","alternateName":"LINGOLSHEIM","country":"FR","geo":{"@type":"GeoCoordinates","latitude":"48.5559512","longitude":"7.6817943"},"geoPosition":{"type":"Point","float":true,"coordinates":[7.6817943,48.5559512]},"level3Name":"Grand Est","level3":null,"level4Name":"Strasbourg","level4":null,"osmID":71030,"save":true,"wikidataID":"Q21388"}]